ham-srv1;Hamburg Server 1;53.556866;9.994622
muc-srv1;Munich Server1;48.1448353;11.5580067
