ham-srv1;Hamburg Server 1;53.556866;9.994622
ham-srv2;Hamburg Server 2;53.55988897245464;9.98931884765625
muc-srv1;Munich Server1;48.1448353;11.5580067
